qualifiedName,tableDataBytes,indexBytes,toastBytes,totalRelationBytes,percentOfDatabase,rowCountEstimate,liveTupleEstimate,deadTupleEstimate,deadTupleRatio,indexToTableRatio,insertedSinceStatsReset,updatedSinceStatsReset,deletedSinceStatsReset,classification
"trade.candidate_point_in_time_evidence","84525056","3858432","1385652224","1474084864","0.2937820365602594","26579","0","0",,"0.045648381469276994","0","0","0","RESEARCH_HISTORY"
"trade.fusion_snapshot","2105344","352256","1283874816","1286356992","0.25636826351219444","1019","0","0",,"0.16731517509727625","0","0","0","SHORT_RETENTION_OBSERVATION"
"trade.canonical_strategy_candidate_evidence","678780928","131907584","8192","810901504","0.16161097716481088","216702","0","0",,"0.19433012708335848","0","0","0","RESEARCH_HISTORY"
"trade.canonical_strategy_frontier","565248","360448","229597184","230547456","0.04594762676259784","1019","0","0",,"0.6376811594202898","0","0","0","CANONICAL_AUDIT"
"trade.decision","573440","163840","228442112","229203968","0.04567987240843993","1019","0","0",,"0.2857142857142857","0","0","0","CANONICAL_AUDIT"
"market.optionomics_feature_snapshot","131072","237568","162177024","162570240","0.03239990950160801","107","0","0",,"1.8125","0","0","0","SHORT_RETENTION_OBSERVATION"
"market.optionomics_raw_observation","5742592","1679360","135110656","142565376","0.028412981862256697","4981","0","0",,"0.29243937232524964","0","0","0","SHORT_RETENTION_OBSERVATION"
"trade.candidate","79282176","3964928","45187072","128483328","0.025606459089101537","29898","0","0",,"0.050010332713370534","0","0","0","RESEARCH_HISTORY"
"research.theta_option_chain_decision_evidence","1155072","221184","123822080","125222912","0.024956664985718316","107","0","0",,"0.19148936170212766","0","0","0","RESEARCH_HISTORY"
"research.theta_execution_observation_job","32579584","36249600","8192","68870144","0.013725675947594785","156655","0","0",,"1.1126477244153885","0","0","0","RESEARCH_HISTORY"
"legacy_neon.artifact_record","19505152","8577024","33161216","61276160","0.012212210787202213","24408","0","0",,"0.4397312053758925","0","0","0","RESEARCH_HISTORY"
"trade.broker_reconciliation_snapshot","5775360","3096576","36511744","45416448","0.00905140328933811","13971","1216","0","0","0.5361702127659574","1216","0","0","CANONICAL_AUDIT"
"trade.candidate_reason","37216256","5750784","8192","43016192","0.008573037278555991","118556","0","0",,"0.1545234426590359","0","0","0","RESEARCH_HISTORY"
"ops.runtime_worker_cycle","37027840","2785280","8192","39862272","0.007944467605685289","16004","16444","1172","0.06653042688465031","0.0752212389380531","1217","1217","0","CANONICAL_AUDIT"
"ops.scheduler_checkpoint","24862720","14663680","8192","39567360","0.007885692259650625","52874","53363","2477","0.04435888252148997","0.5897858319604613","3895","7788","0","CANONICAL_AUDIT"
"legacy_neon.promotion_record","14704640","9191424","8192","23937024","0.004770598919813484","25126","0","0",,"0.6250696378830084","0","0","0","RESEARCH_HISTORY"
"trade.shadow_opportunity","18399232","3153920","8192","21594112","0.004303661448538105","28925","0","0",,"0.1714158504007124","0","0","0","RESEARCH_HISTORY"
"market.execution_quote_observation","10534912","8912896","8192","19488768","0.00388407078379065","26729","0","0",,"0.8460342146189735","0","0","0","SHORT_RETENTION_OBSERVATION"
"market.option_quote_snapshot","5423104","3710976","8192","9175040","0.001828566321078406","19469","0","0",,"0.6842900302114804","0","0","0","SHORT_RETENTION_OBSERVATION"
"research.optionomics_temporal_feature_observation","2088960","2768896","8192","4890624","0.0009746911550748289","3419","0","0",,"1.3254901960784313","0","0","0","RESEARCH_HISTORY"
"market.option_contract","1785856","2097152","8192","3923968","0.0007820386319612111","8008","0","0",,"1.1743119266055047","0","0","0","SHORT_RETENTION_OBSERVATION"
"trade.canonical_strategy_branch_evidence","1622016","1605632","8192","3268608","0.0006514267518841822","5005","0","0",,"0.98989898989899","0","0","0","RESEARCH_HISTORY"
"research.theta_runtime_behavior_diagnostic","262144","163840","2039808","2490368","0.0004963251442927102","263","0","0",,"0.625","0","0","0","RESEARCH_HISTORY"
"market.optionomics_iv_session_observation","221184","286720","1466368","1998848","0.00039836623423493845","483","0","0",,"1.2962962962962963","0","0","0","SHORT_RETENTION_OBSERVATION"
"legacy_neon.research_export_variant","688128","180224","1040384","1933312","0.00038530504622723554","460","0","0",,"0.2619047619047619","0","0","0","RESEARCH_HISTORY"
"research.theta_outcome_subject","548864","409600","909312","1892352","0.00037714180372242124","617","0","0",,"0.746268656716418","0","0","0","RESEARCH_HISTORY"
"legacy_neon.missing_record_forensic_search","335872","139264","1277952","1777664","0.00035428472470894114","553","0","0",,"0.4146341463414634","0","0","0","RESEARCH_HISTORY"
"risk.aegis_iv_stress_assessment","1327104","188416","8192","1556480","0.0003102032151829439","491","0","0",,"0.1419753086419753","0","0","0","CANONICAL_AUDIT"
"trade.strategy_route","1212416","114688","8192","1359872","0.0002710196511598352","1002","0","0",,"0.0945945945945946","0","0","0","CANONICAL_AUDIT"
"research.theta_near_miss_reevaluation_event","491520","212992","8192","737280","0.00014693836508665762","719","0","0",,"0.43333333333333335","0","0","0","RESEARCH_HISTORY"
